id_factura_det,id_factura,id_producto,cantidad,precio_unitario,subtotal
1,334,42,5,152.25,1973.83
2,285,5,2,194.46,801.84
3,417,23,2,367.83,966.13
4,131,41,2,337.81,1453.5
5,276,47,7,97.29,1595.92
6,203,15,3,161.14,1757.63
7,445,50,5,213.28,1778.49
8,197,29,9,392.66,654.11
9,156,8,3,381.66,213.27
10,389,40,8,303.9,458.48
11,400,3,5,310.33,705.12
12,122,21,10,10.64,1144.57
13,275,22,9,50.97,1315.88
14,249,28,6,421.08,1135.99
15,314,49,5,18.15,1036.08
16,38,28,2,495.5,1687.16
17,266,12,4,194.67,995.29
18,99,31,7,422.44,1362.2
19,390,40,2,74.44,216.16
20,205,33,3,469.02,637.84
21,387,35,7,191.73,869.88
22,72,15,6,148.95,1204.01
23,141,34,2,233.78,155.08
24,473,47,8,275.31,566.26
25,246,25,3,170.71,1901.61
26,92,35,10,411.58,462.98
27,468,41,5,10.39,1728.56
28,60,32,3,88.04,769.17
29,479,26,3,179.74,647.48
30,255,12,1,242.05,854.04
31,435,35,6,113.21,1396.91
32,312,33,5,419.48,503.08
33,297,15,7,492.62,1581.58
34,423,20,6,385.88,1697.27
35,252,48,5,349.42,307.05
36,136,9,5,180.03,1200.54
37,150,40,2,256.16,774.04
38,110,35,1,77.78,1093.63
39,460,1,6,72.59,256.64
40,491,6,10,353.67,593.09
41,25,8,5,14.91,1330.93
42,233,6,10,334.35,1495.81
43,401,15,4,435.68,322.9
44,314,16,8,177.77,494.1
45,359,47,2,429.5,356.52
46,35,15,4,361.62,296.06
47,305,11,9,214.57,1955.85
48,123,39,3,43.49,1580.12
49,29,21,1,178.55,103.32
50,65,8,1,191.97,135.08
51,467,26,8,296.09,1200.86
52,422,39,6,467.26,1089.45
53,88,20,3,300.2,1033.98
54,199,6,2,451.53,471.73
55,160,43,2,205.31,692.24
56,144,27,7,304.32,1564.49
57,487,29,10,114.96,633.93
58,306,38,4,479.64,1652.61
59,393,20,5,490.83,1613.7
60,350,46,3,46.05,1524.19
61,180,4,4,432.97,488.68
62,6,35,7,40.11,1754.08
63,200,23,1,52.65,1309.67
64,121,4,10,185.23,761.04
65,40,28,5,67.5,220.01
66,249,1,10,83.05,873.76
67,32,15,10,279.93,1019.15
68,450,50,1,376.92,1095.29
69,246,50,6,442.82,1997.93
70,423,24,5,177.91,797.25
71,427,24,8,481.73,1568.51
72,463,10,4,295.03,246.22
73,427,15,3,89.13,140.94
74,335,47,9,75.47,215.68
75,210,29,10,351.64,472.16
76,90,32,1,21.72,454.8
77,397,26,5,183.84,1195.92
78,98,34,4,448.25,666.99
79,73,43,9,294.28,437.95
80,197,40,4,403.64,361.3
81,312,11,1,16.41,378.51
82,411,37,10,108.61,741.73
83,135,8,10,89.26,418.6
84,328,35,3,436.78,1631.13
85,457,7,4,231.03,1929.8
86,324,45,9,126.55,1209.67
87,211,34,8,250.67,1878.93
88,491,24,8,434.36,1170.31
89,85,7,6,18.51,176.52
90,71,10,8,192.2,1077.12
91,443,14,7,67.56,169.85
92,65,40,3,302.97,1522.93
93,415,40,7,460.17,276.17
94,16,48,4,408.48,1272.12
95,236,23,3,291.54,760.26
96,159,45,3,322.74,1476.9
97,50,41,7,346.3,667.88
98,113,49,9,353.23,463.19
99,498,26,5,140.38,414.66
100,38,32,2,447.62,1771.12
101,261,46,5,211.35,574.8
102,483,23,9,100.03,1813.21
103,62,29,4,331.14,1861.18
104,342,19,4,310.15,959.33
105,402,12,3,123.64,1464.44
106,311,27,3,55.67,295.92
107,231,44,9,13.29,996.78
108,100,6,1,151.47,1761.87
109,207,45,5,499.49,1688.0
110,284,29,7,296.34,32.06
111,349,2,9,474.66,285.89
112,61,4,6,384.78,250.77
113,350,41,7,413.26,1375.26
114,183,18,3,42.73,1477.19
115,434,8,7,408.79,1442.99
116,59,31,9,115.07,1952.8
117,389,46,2,295.78,1003.72
118,233,30,3,346.26,1601.36
119,279,41,10,143.12,1656.13
120,61,1,3,79.94,1819.97
121,289,47,6,19.81,1290.96
122,479,16,1,113.37,1141.18
123,213,7,1,102.19,1297.93
124,71,44,2,288.95,1503.5
125,381,41,5,169.93,529.73
126,207,31,7,320.45,1586.05
127,58,44,7,403.94,1308.49
128,31,5,9,222.91,1881.8
129,72,45,9,22.79,1203.78
130,324,8,10,308.62,1339.18
131,388,33,3,186.79,479.02
132,302,35,9,372.25,1828.08
133,145,22,10,198.33,1742.21
134,14,23,10,260.04,1131.99
135,204,8,10,396.69,116.48
136,446,33,1,55.57,1617.42
137,136,49,8,79.03,1221.34
138,201,22,1,424.28,1328.71
139,281,40,9,329.98,463.77
140,110,23,2,119.27,1001.93
141,160,12,8,303.83,1035.94
142,216,15,5,195.66,1451.38
143,70,14,1,263.81,1282.36
144,326,6,4,138.02,175.85
145,488,14,5,120.97,1955.38
146,412,18,6,419.38,1625.62
147,51,5,4,100.32,1062.22
148,208,18,8,310.52,217.1
149,80,10,10,288.32,1609.21
150,440,40,2,221.39,1289.27
151,282,8,6,481.24,269.15
152,413,12,4,266.64,576.79
153,494,42,6,288.14,372.47
154,28,2,10,460.46,1775.24
155,368,23,6,251.12,1374.71
156,311,11,7,125.98,171.67
157,144,26,4,335.64,285.57
158,440,18,10,303.9,1621.52
159,255,5,4,93.58,234.36
160,161,7,3,380.5,1672.85
161,294,26,7,178.42,796.14
162,288,27,10,264.56,492.69
163,100,48,7,53.38,679.86
164,76,15,1,485.24,1619.15
165,225,31,5,202.54,1446.31
166,154,22,9,267.99,1764.95
167,158,39,2,367.51,708.2
168,37,44,4,431.46,477.69
169,172,18,4,146.67,1107.02
170,296,8,4,268.65,832.98
171,309,22,4,300.28,1358.96
172,176,13,2,420.21,1665.65
173,167,45,4,239.12,718.29
174,335,28,10,339.95,1274.11
175,343,2,5,91.45,235.09
176,269,19,1,360.28,329.42
177,399,39,3,492.45,1244.37
178,370,18,7,468.04,1229.27
179,476,3,3,19.93,1757.32
180,340,27,5,385.29,1101.63
181,213,41,9,76.14,48.62
182,382,16,2,272.97,1894.77
183,471,21,3,69.11,884.33
184,214,37,8,255.63,1001.33
185,179,47,4,57.64,292.12
186,266,39,7,418.84,1586.39
187,471,8,1,149.5,666.27
188,95,10,2,328.18,1184.78
189,2,26,9,375.87,1116.32
190,23,32,2,285.99,751.28
191,43,31,6,114.84,1083.14
192,246,41,8,40.64,590.64
193,457,21,10,474.06,819.41
194,219,44,4,216.18,1600.45
195,239,18,4,461.28,746.68
196,236,7,8,155.75,718.8
197,182,39,2,253.65,695.71
198,211,17,7,368.4,750.72
199,225,22,7,432.48,1711.68
200,432,35,1,190.52,108.67
201,435,16,10,499.41,632.49
202,356,22,10,422.94,907.52
203,407,22,4,311.93,783.6
204,314,20,8,283.79,28.45
205,369,39,9,353.27,662.13
206,127,1,5,294.74,115.98
207,262,30,3,482.78,711.19
208,342,9,1,354.03,305.34
209,192,38,3,295.9,158.74
210,138,25,2,317.09,583.62
211,442,38,6,400.45,121.98
212,418,49,5,278.47,930.21
213,253,26,7,76.74,1371.68
214,126,23,9,314.57,576.14
215,58,20,4,342.89,196.49
216,12,28,7,114.02,1953.84
217,59,33,1,247.04,565.58
218,362,22,9,165.95,1562.23
219,233,8,9,181.07,260.33
220,65,31,5,227.18,1463.09
221,386,36,5,287.43,1971.08
222,265,24,2,169.32,262.26
223,278,7,6,218.71,60.84
224,165,29,9,31.78,798.32
225,286,9,5,316.2,1029.46
226,342,21,7,175.81,67.47
227,407,22,6,132.68,1621.24
228,287,35,7,426.26,1056.65
229,391,8,2,464.12,1210.22
230,122,7,6,175.81,204.04
231,8,26,2,118.22,956.31
232,465,34,8,413.9,1008.52
233,496,11,3,218.73,1819.54
234,335,28,6,258.89,1309.52
235,287,14,8,341.04,286.54
236,432,18,4,65.12,994.72
237,246,6,9,459.19,372.6
238,79,49,10,63.18,1696.46
239,459,49,7,407.74,514.77
240,325,47,9,30.36,1261.74
241,265,13,4,207.41,1432.32
242,123,3,4,439.66,249.18
243,395,14,3,330.51,423.9
244,322,10,2,176.21,887.72
245,118,42,8,479.73,1856.07
246,307,42,9,170.69,120.87
247,376,15,8,33.84,687.25
248,185,15,7,315.45,151.6
249,1,12,3,326.65,281.31
250,229,39,5,395.74,21.44
251,325,38,6,213.07,109.1
252,294,32,7,255.23,364.48
253,219,40,8,353.11,145.48
254,55,21,4,402.42,159.44
255,161,33,10,429.87,314.48
256,369,1,7,134.8,208.66
257,348,44,9,421.94,1590.93
258,391,50,7,436.58,1104.57
259,250,23,3,449.62,1888.11
260,180,29,10,431.25,351.7
261,440,5,7,382.54,1925.31
262,455,25,4,313.6,1552.42
263,35,3,3,148.77,979.37
264,337,29,3,447.42,351.62
265,216,20,3,104.26,1735.46
266,263,30,3,275.38,655.29
267,244,40,2,273.21,877.62
268,109,23,9,398.2,1006.13
269,297,2,3,186.15,235.52
270,134,7,8,229.15,1166.97
271,226,19,7,364.34,565.27
272,46,48,7,96.68,1473.51
273,10,37,6,197.29,1288.4
274,385,16,8,417.78,1962.68
275,484,12,3,473.86,1380.11
276,470,47,4,193.85,340.07
277,216,38,8,48.16,338.1
278,472,7,6,326.86,411.64
279,233,26,8,241.45,1985.72
280,166,6,2,217.61,1436.11
281,221,48,9,453.15,806.98
282,160,23,2,251.28,966.22
283,412,20,3,303.27,1062.51
284,102,29,5,447.44,621.28
285,314,32,8,256.05,25.64
286,352,48,1,17.01,931.08
287,262,27,9,59.74,621.74
288,42,50,4,167.35,647.74
289,204,32,10,196.22,146.07
290,330,16,10,340.09,956.76
291,137,12,1,55.35,373.35
292,343,10,10,302.63,900.2
293,189,22,2,94.43,83.85
294,491,39,5,203.73,1520.04
295,34,25,1,81.38,963.17
296,265,27,1,45.66,1641.98
297,71,38,2,349.88,1765.9
298,286,37,4,152.1,1848.64
299,143,24,3,10.13,334.49
300,221,15,3,491.79,535.26
301,320,50,1,80.96,421.91
302,122,8,1,189.8,482.06
303,405,7,6,85.86,1818.04
304,418,20,4,177.69,362.09
305,51,18,4,462.32,1136.31
306,481,19,1,406.51,1538.53
307,448,50,9,150.83,739.85
308,278,6,10,431.23,307.34
309,411,35,6,182.49,735.68
310,35,36,3,283.14,129.23
311,383,22,4,234.42,644.07
312,192,13,10,78.18,735.34
313,449,28,2,342.02,1729.71
314,486,8,10,15.16,305.09
315,307,34,10,386.51,593.03
316,109,4,8,389.02,830.86
317,65,15,8,73.68,549.0
318,476,18,1,388.0,608.76
319,294,7,6,178.03,1786.91
320,325,34,6,362.02,1340.93
321,143,24,3,405.62,1806.26
322,45,5,9,360.57,1399.46
323,160,44,6,328.59,1341.42
324,114,29,4,359.08,1685.23
325,431,46,5,28.82,235.46
326,143,13,4,413.5,1835.48
327,343,26,5,233.25,60.06
328,418,27,8,31.1,795.97
329,349,16,5,492.65,325.14
330,49,31,9,167.04,1205.02
331,287,24,6,242.18,1989.61
332,100,22,10,141.8,328.48
333,208,12,5,154.63,894.56
334,173,46,9,422.43,609.96
335,16,14,5,159.32,1439.3
336,453,26,7,167.24,1494.82
337,33,4,7,466.2,476.09
338,44,25,3,360.57,1184.14
339,459,19,3,404.69,329.86
340,4,21,5,460.49,622.02
341,64,42,7,19.55,634.82
342,270,12,2,440.31,864.22
343,212,49,4,41.04,45.56
344,128,24,5,487.92,585.83
345,29,24,7,257.81,1023.33
346,360,3,3,481.33,1874.48
347,342,5,3,391.45,72.63
348,436,39,6,222.99,1630.93
349,422,49,3,388.39,1770.52
350,179,18,9,335.33,1288.53
351,143,8,4,55.85,79.37
352,166,6,2,24.82,226.61
353,356,44,4,484.95,794.87
354,17,7,1,304.4,1167.77
355,10,4,8,193.79,108.54
356,467,21,3,384.95,1222.47
357,411,50,7,205.76,209.33
358,216,46,1,193.95,1478.8
359,324,3,4,105.06,228.62
360,122,28,1,117.52,1568.26
361,16,26,3,463.5,1125.66
362,69,42,1,244.78,280.98
363,291,43,6,127.63,215.99
364,322,10,8,321.21,699.98
365,254,4,10,105.68,1614.82
366,34,3,2,54.42,1631.42
367,112,34,4,251.93,1221.4
368,178,22,7,384.17,63.61
369,145,12,2,72.67,902.74
370,276,31,8,478.95,1321.8
371,466,18,6,85.91,1032.89
372,441,41,10,437.05,259.38
373,16,13,4,68.17,1533.73
374,419,20,7,325.48,1293.0
375,49,8,8,222.59,242.79
376,180,10,10,177.51,1360.5
377,144,3,10,358.44,1756.58
378,255,20,5,399.89,1598.8
379,133,19,6,179.31,80.51
380,326,32,6,340.73,68.06
381,178,26,5,418.0,1680.5
382,389,41,2,256.01,1118.88
383,114,34,10,161.21,1505.41
384,311,47,9,418.41,1374.38
385,77,8,10,399.88,1485.2
386,355,50,5,146.17,344.34
387,280,44,1,405.61,1637.64
388,413,33,9,375.14,1638.69
389,216,9,6,280.37,1552.83
390,465,31,4,383.69,1783.31
391,360,46,4,155.02,1018.95
392,497,17,6,351.3,778.96
393,485,32,3,87.13,1824.9
394,74,4,3,408.61,447.7
395,490,29,7,363.34,1710.78
396,266,27,2,245.27,24.07
397,271,32,7,155.18,264.84
398,281,33,7,446.0,118.55
399,488,47,8,198.33,486.68
400,265,11,5,395.28,399.72
401,42,26,8,285.83,337.57
402,253,15,9,422.8,1542.11
403,280,15,7,474.67,1287.84
404,230,24,9,325.32,190.81
405,73,16,10,306.21,1967.07
406,390,1,9,461.96,31.48
407,141,10,8,312.61,788.75
408,270,21,1,347.8,700.54
409,266,45,1,375.46,1006.06
410,481,43,4,132.89,431.07
411,321,3,8,12.64,1493.13
412,151,30,6,52.57,1823.44
413,138,34,4,217.88,1877.53
414,5,34,7,180.41,202.42
415,242,2,3,429.93,1626.5
416,138,25,10,320.7,1935.01
417,302,7,9,307.76,243.36
418,94,14,6,17.59,622.13
419,344,44,4,40.42,290.9
420,315,21,4,229.77,345.62
421,490,40,6,76.31,684.16
422,121,36,3,69.2,1026.72
423,444,22,10,288.57,1121.16
424,182,37,5,205.96,907.46
425,380,50,1,387.39,224.8
426,429,31,1,465.24,1690.58
427,480,47,9,87.4,1587.14
428,412,45,2,124.79,256.11
429,439,40,2,407.85,520.78
430,15,3,8,34.01,797.99
431,448,1,10,336.36,241.46
432,142,31,6,356.73,420.88
433,34,8,3,415.88,1355.3
434,199,3,1,167.39,106.34
435,375,40,6,255.35,775.37
436,315,16,4,376.45,684.26
437,306,27,3,97.14,192.01
438,108,3,10,138.62,1372.91
439,256,45,5,455.92,391.8
440,349,36,10,79.78,1922.46
441,128,33,9,43.97,1868.62
442,4,34,1,459.16,524.77
443,163,13,1,23.83,94.95
444,483,42,1,293.89,339.01
445,442,38,4,473.6,26.78
446,139,39,6,361.91,858.12
447,171,37,6,221.95,1527.71
448,165,4,6,468.02,412.55
449,443,35,4,166.75,224.11
450,357,41,9,227.74,1196.46
451,263,24,3,279.97,934.13
452,101,30,8,339.97,851.13
453,217,25,2,344.47,328.57
454,196,44,9,357.86,1172.11
455,112,34,3,318.57,548.31
456,24,31,5,333.45,539.43
457,243,31,4,238.42,1176.67
458,60,37,2,358.26,779.53
459,362,12,10,495.14,1452.7
460,385,4,3,468.97,1131.56
461,275,25,4,260.06,1451.57
462,92,5,7,299.34,1262.03
463,115,15,3,96.39,1987.57
464,303,17,9,323.8,203.63
465,374,1,5,21.26,671.67
466,89,27,8,270.7,639.99
467,226,33,6,364.97,1520.49
468,482,8,4,121.26,595.7
469,64,35,8,219.48,880.22
470,159,45,5,118.38,1121.89
471,159,24,8,466.0,486.2
472,295,26,2,297.09,1589.01
473,377,20,3,91.94,1318.11
474,329,4,10,241.59,998.66
475,273,27,10,132.3,99.31
476,181,21,2,170.23,1683.81
477,3,7,4,420.94,916.56
478,353,14,3,403.18,245.97
479,122,30,9,83.94,1911.61
480,145,14,6,48.68,1629.16
481,333,41,10,478.9,1441.04
482,168,23,10,437.63,179.87
483,103,35,2,412.57,189.85
484,252,37,2,326.73,838.85
485,199,32,1,57.36,816.68
486,323,21,3,91.16,1867.92
487,195,7,6,236.22,49.02
488,383,13,5,339.5,1037.48
489,360,49,10,302.18,1893.35
490,74,4,7,312.45,647.27
491,221,49,1,379.41,1404.81
492,337,17,6,378.68,1354.93
493,406,17,5,313.49,1840.54
494,402,45,10,221.61,205.56
495,367,3,5,421.81,322.58
496,362,49,9,72.01,1639.82
497,362,21,7,453.64,1601.32
498,487,2,3,488.38,1388.02
499,358,36,10,363.25,1765.52
500,436,43,7,150.9,607.78
501,95,23,2,240.33,1635.38
502,58,10,10,249.01,212.95
503,409,11,10,316.06,522.66
504,471,22,8,228.28,1193.18
505,255,38,10,330.77,1434.57
506,390,12,5,303.56,1450.89
507,99,9,1,246.17,686.3
508,200,14,4,258.04,827.8
509,366,42,5,448.31,1407.24
510,370,18,10,450.08,721.32
511,349,12,3,266.21,491.11
512,221,5,6,105.51,954.64
513,81,42,6,200.09,1322.36
514,65,26,8,479.85,1165.72
515,368,36,2,116.74,293.13
516,234,8,5,316.23,21.44
517,147,42,5,81.46,857.91
518,93,19,1,321.2,1962.74
519,197,32,8,421.48,200.07
520,241,14,6,286.91,1876.65
521,268,31,10,69.75,872.23
522,20,13,3,352.49,1945.25
523,110,21,3,389.24,1062.97
524,356,36,3,88.11,557.91
525,385,27,5,25.93,881.47
526,173,13,1,307.44,1976.81
527,367,25,5,81.0,1320.14
528,493,37,2,380.06,86.87
529,274,46,5,126.85,1604.16
530,154,11,6,245.15,423.46
531,415,10,5,60.21,1543.32
532,489,50,8,381.93,1059.24
533,398,46,5,427.68,100.68
534,383,36,3,32.28,702.08
535,272,49,3,36.43,1735.1
536,60,25,4,366.89,990.08
537,348,49,3,77.62,1834.64
538,319,22,9,114.25,996.37
539,268,39,3,212.55,532.54
540,359,38,5,332.31,1257.45
541,35,22,9,171.11,967.41
542,183,45,4,375.52,1270.64
543,203,27,10,450.51,1386.71
544,147,36,7,344.52,1451.28
545,244,43,5,459.12,243.29
546,275,38,6,138.4,949.94
547,371,32,1,429.17,573.63
548,255,34,9,447.73,792.08
549,440,37,5,16.29,222.82
550,213,11,4,204.94,163.21
551,363,36,7,280.9,1849.29
552,438,28,7,19.63,1435.54
553,477,27,7,50.32,1158.33
554,298,21,4,211.58,559.89
555,177,49,6,262.01,1735.21
556,338,22,3,368.37,1762.33
557,150,5,4,25.63,1448.67
558,75,7,6,151.95,506.85
559,137,7,7,435.36,1027.03
560,180,15,6,458.65,1298.07
561,328,9,6,197.19,774.36
562,49,36,5,185.53,1879.89
563,123,34,9,279.6,1969.49
564,364,26,10,454.74,1018.21
565,398,34,2,215.87,1471.9
566,396,3,7,26.72,1204.07
567,242,47,6,447.38,1269.37
568,346,12,1,327.85,1914.19
569,392,44,3,76.65,1661.57
570,49,44,1,252.68,586.02
571,154,18,4,320.89,934.08
572,58,43,10,335.18,1100.77
573,242,32,3,470.08,1253.92
574,376,39,4,146.86,1212.43
575,465,34,3,298.3,416.01
576,218,5,9,80.56,1242.02
577,387,14,8,23.24,1493.86
578,283,43,6,384.78,129.38
579,77,14,8,413.94,211.53
580,215,17,6,461.67,1144.28
581,202,38,9,318.02,1884.42
582,468,10,7,381.65,179.32
583,459,15,10,381.89,56.05
584,278,47,4,217.76,957.89
585,490,9,3,106.05,1259.71
586,324,35,8,242.5,501.62
587,322,47,7,94.16,413.53
588,471,11,4,165.28,501.87
589,348,47,3,434.25,1895.48
590,429,27,6,354.79,1530.8
591,468,17,4,241.09,432.03
592,345,18,3,374.74,154.42
593,172,42,6,387.42,1808.64
594,29,23,6,33.25,1885.37
595,336,13,3,313.3,363.99
596,500,29,4,156.53,396.45
597,366,1,3,126.06,41.83
598,488,39,10,83.26,1660.08
599,149,1,8,176.82,1552.3
600,410,33,9,304.32,1689.82
601,57,41,9,126.59,609.84
602,9,18,2,224.28,967.2
603,153,27,10,25.58,1413.88
604,361,9,5,283.54,1668.25
605,134,5,7,207.86,295.95
606,103,26,8,437.73,359.76
607,305,39,7,220.72,93.34
608,418,14,2,160.05,1413.31
609,51,28,4,486.79,1195.16
610,251,2,3,244.97,1414.78
611,296,33,7,465.49,859.27
612,29,12,1,325.72,1785.49
613,496,7,9,317.49,1602.91
614,50,20,2,478.83,1372.25
615,392,8,7,64.31,337.48
616,95,4,9,219.05,1881.82
617,450,16,2,364.05,557.8
618,132,3,1,85.78,710.88
619,237,16,6,264.4,853.61
620,148,28,3,267.58,955.82
621,252,6,1,60.94,518.77
622,124,32,2,381.04,1313.06
623,113,45,5,138.05,992.39
624,375,39,5,121.9,919.14
625,94,4,8,420.79,667.74
626,85,41,9,107.5,1623.98
627,497,29,3,186.0,714.1
628,173,49,7,318.0,1871.6
629,209,41,1,111.71,795.15
630,157,24,1,449.51,854.48
631,350,6,1,81.69,1260.18
632,416,38,10,298.76,121.15
633,145,41,7,321.94,747.0
634,115,30,7,440.99,1610.07
635,333,50,1,298.98,989.76
636,137,4,9,389.6,1772.62
637,171,13,2,388.98,548.94
638,494,41,5,464.98,1184.5
639,279,19,1,465.5,1237.35
640,443,13,1,481.25,588.81
641,38,32,3,422.45,434.04
642,56,45,3,240.63,1543.89
643,20,6,9,325.19,1998.36
644,14,24,7,182.96,1210.92
645,456,7,8,39.45,1138.66
646,100,33,1,141.93,32.75
647,322,39,2,467.25,180.7
648,447,42,6,323.72,61.01
649,107,31,2,107.56,491.29
650,299,40,4,185.6,277.2
651,380,24,9,157.87,862.63
652,212,40,6,408.22,1363.8
653,106,7,1,94.24,762.57
654,469,49,10,343.67,1703.26
655,492,33,3,223.65,1225.19
656,20,13,5,57.89,75.73
657,328,38,2,374.71,678.95
658,193,37,9,70.29,774.5
659,185,31,2,443.41,351.77
660,362,15,2,190.12,1035.49
661,489,37,3,291.38,1305.68
662,201,1,4,192.58,1826.77
663,61,10,4,403.19,746.67
664,361,30,10,144.17,89.6
665,56,7,1,267.55,1404.83
666,199,10,3,350.31,962.3
667,254,50,4,275.69,750.57
668,36,44,5,284.99,1984.11
669,362,6,10,251.35,1003.51
670,69,45,9,38.22,1851.5
671,423,35,7,219.12,846.24
672,232,31,8,97.84,1656.0
673,154,47,1,70.8,615.38
674,147,41,5,115.04,800.32
675,25,11,7,103.83,1305.06
676,252,15,5,356.5,948.42
677,20,4,10,41.09,1343.73
678,264,28,2,473.04,1046.63
679,114,12,3,29.7,1197.31
680,339,6,6,302.64,426.34
681,151,27,1,380.22,67.04
682,278,26,2,68.3,737.92
683,150,5,8,358.14,134.81
684,100,9,3,85.09,704.64
685,369,44,7,347.74,1420.9
686,298,46,1,220.45,1434.36
687,452,17,10,428.09,530.82
688,167,42,10,163.47,1351.15
689,234,42,6,441.62,79.43
690,179,32,6,278.96,42.18
691,488,17,1,390.2,1970.42
692,395,48,2,238.71,992.78
693,346,42,10,138.76,281.8
694,324,1,1,22.83,1162.0
695,149,31,8,448.26,1995.56
696,350,40,1,284.0,960.47
697,120,20,4,405.07,1345.01
698,67,23,4,296.33,1309.74
699,304,1,6,24.52,1484.7
700,252,22,1,160.74,1032.11
701,103,37,5,169.5,1937.66
702,27,5,6,279.92,816.7
703,188,25,5,170.68,234.29
704,152,28,3,397.43,758.13
705,407,10,7,36.52,1406.72
706,123,5,2,15.68,1619.9
707,143,11,3,357.83,1747.63
708,123,8,7,450.79,1352.77
709,171,12,6,309.93,298.47
710,59,4,2,269.36,72.44
711,306,19,3,294.39,1142.7
712,459,33,9,167.46,1911.42
713,256,43,7,191.44,1219.07
714,96,33,1,159.32,1476.92
715,486,46,4,324.6,771.41
716,189,40,5,14.17,142.39
717,122,27,10,357.82,741.76
718,360,41,8,101.48,1899.63
719,227,35,9,228.49,822.98
720,10,30,5,285.53,599.41
721,172,25,2,234.23,328.8
722,157,2,9,291.91,1566.13
723,191,21,8,353.5,1675.68
724,112,34,6,183.58,1879.51
725,15,39,2,315.26,1647.55
726,249,16,6,365.73,1376.81
727,355,28,6,437.25,322.51
728,495,2,2,410.02,718.79
729,121,9,6,467.39,1427.24
730,277,19,9,144.46,688.43
731,38,23,6,382.83,1030.8
732,325,27,6,424.11,1941.71
733,7,17,6,208.16,558.26
734,492,20,6,413.4,1666.39
735,23,47,9,356.09,168.14
736,47,44,7,302.9,1864.22
737,196,11,6,426.97,153.65
738,455,11,3,245.25,1082.12
739,208,32,4,336.7,124.81
740,382,31,3,232.92,321.15
741,30,1,2,368.57,233.2
742,189,39,4,270.5,1961.57
743,90,2,2,102.34,1667.04
744,481,31,7,378.59,1997.44
745,416,41,9,108.4,258.25
746,36,40,3,76.63,667.33
747,156,10,9,20.15,136.32
748,488,32,3,24.15,283.44
749,381,17,4,447.09,126.61
750,282,47,2,229.22,957.66
751,100,47,5,41.46,1983.63
752,65,7,9,376.43,381.85
753,415,7,8,66.26,178.03
754,74,11,6,397.44,1429.51
755,158,21,4,300.7,49.04
756,18,17,8,346.38,1249.43
757,130,42,9,437.45,1565.15
758,452,47,7,49.54,1288.22
759,171,32,7,185.19,1381.83
760,36,41,3,234.89,1896.24
761,331,46,7,137.24,1786.13
762,243,30,6,130.25,821.91
763,372,6,2,402.95,112.45
764,74,27,10,66.07,1539.97
765,194,46,10,470.43,102.48
766,336,47,2,37.74,549.37
767,475,20,3,308.85,990.29
768,72,35,9,158.11,1332.94
769,74,50,7,84.45,785.43
770,295,28,3,73.57,97.74
771,300,21,1,103.51,60.44
772,298,14,3,462.06,1097.73
773,205,32,2,362.79,1159.66
774,108,25,9,218.99,452.29
775,72,48,8,277.36,662.67
776,334,4,4,499.9,1509.55
777,261,24,7,19.62,39.29
778,323,31,3,320.37,1884.4
779,130,12,2,216.26,211.41
780,367,3,8,88.61,445.21
781,75,15,6,234.7,1598.71
782,229,40,1,342.45,1853.46
783,324,5,9,469.89,1011.35
784,356,45,4,351.89,1714.15
785,9,16,6,204.25,206.04
786,291,10,5,52.45,1117.55
787,488,7,10,307.53,1436.16
788,73,32,8,207.82,1793.79
789,121,29,5,411.77,935.69
790,497,50,5,81.68,138.3
791,149,8,4,120.76,1361.35
792,340,39,10,310.6,928.23
793,193,19,1,110.04,1737.4
794,52,42,9,326.87,38.07
795,263,15,7,309.12,970.27
796,467,16,5,69.04,1039.78
797,429,14,7,416.51,1257.95
798,213,21,1,309.85,808.28
799,498,24,3,167.94,1972.35
800,77,18,6,106.74,1035.99
801,447,29,6,159.56,892.02
802,461,25,3,380.53,1961.27
803,435,11,7,222.26,1837.26
804,180,7,1,45.59,1246.12
805,97,26,2,307.81,231.36
806,136,2,4,381.15,483.05
807,228,14,5,295.53,406.04
808,150,30,3,262.43,1985.6
809,42,45,3,37.91,689.63
810,50,45,7,213.6,628.67
811,396,7,6,431.04,1229.55
812,125,22,4,447.77,659.22
813,386,42,5,87.17,1551.38
814,128,5,4,26.58,1423.8
815,449,11,6,365.25,44.89
816,97,1,2,421.63,1932.66
817,63,37,8,63.89,466.01
818,221,31,1,203.74,589.13
819,115,47,7,197.76,892.48
820,129,31,4,361.47,1352.16
821,252,1,4,490.61,472.27
822,398,17,6,366.15,1012.96
823,233,6,1,189.06,536.51
824,88,17,2,17.43,240.55
825,313,31,8,294.58,1789.02
826,197,12,9,112.95,432.07
827,160,15,8,150.28,68.64
828,275,8,5,104.03,1990.51
829,83,28,10,305.47,1947.42
830,88,28,8,159.74,508.46
831,383,36,1,348.08,1844.98
832,183,24,7,292.94,1377.34
833,198,9,10,356.44,899.48
834,435,25,1,42.18,1709.64
835,262,38,10,499.62,619.83
836,471,26,10,379.59,1941.0
837,413,33,5,463.95,1329.15
838,456,29,5,150.77,175.34
839,484,5,2,271.0,386.68
840,137,47,9,238.62,781.74
841,368,13,9,178.12,1243.85
842,28,18,2,309.24,1147.04
843,386,33,7,71.45,1606.32
844,229,5,2,100.16,732.6
845,396,39,10,206.88,1966.0
846,452,16,9,318.55,388.77
847,14,50,6,250.94,1620.36
848,233,32,9,37.66,1509.48
849,365,15,7,427.52,563.5
850,133,46,2,487.24,293.79
851,289,9,3,483.33,1133.47
852,122,1,8,66.15,237.6
853,253,33,9,224.52,346.95
854,55,48,2,319.81,62.52
855,328,36,10,240.59,849.35
856,266,44,2,28.02,1140.99
857,288,25,9,328.39,1804.76
858,440,10,6,304.17,1995.98
859,496,21,4,182.06,362.33
860,363,38,9,219.31,350.68
861,276,18,7,224.11,1134.91
862,209,17,8,351.61,386.12
863,47,40,4,327.39,373.84
864,205,30,8,325.9,344.86
865,348,39,6,442.3,764.88
866,420,3,9,146.81,1421.96
867,455,46,8,380.34,90.33
868,452,1,9,490.82,1762.76
869,37,32,6,207.42,1508.22
870,425,23,2,375.52,1463.77
871,118,12,2,313.5,831.99
872,303,37,3,266.56,1998.29
873,144,7,6,94.2,1958.29
874,74,42,3,193.25,1418.19
875,154,2,2,27.69,413.42
876,179,48,10,137.8,437.5
877,172,40,7,369.8,1557.26
878,271,40,3,437.91,1198.74
879,228,30,4,424.52,1088.83
880,120,19,2,172.83,1752.37
881,246,5,5,465.47,1534.76
882,63,22,8,38.32,559.21
883,6,42,3,180.46,1588.0
884,318,17,9,347.34,1126.79
885,208,37,4,327.75,1776.93
886,105,19,6,81.14,1324.16
887,172,14,6,45.79,1596.01
888,415,37,3,471.91,1176.79
889,196,44,2,272.95,1842.41
890,472,22,5,399.83,1708.4
891,429,16,3,356.13,633.33
892,229,24,2,378.33,797.45
893,238,21,4,183.28,1247.7
894,389,41,9,396.78,1280.07
895,230,38,1,99.18,1765.6
896,366,27,5,379.61,1905.74
897,423,20,5,149.71,45.33
898,67,39,1,369.83,1927.22
899,223,7,6,108.21,504.48
900,427,23,4,17.59,1532.67
901,247,36,9,119.6,778.87
902,104,1,9,434.48,792.09
903,386,21,5,471.66,419.69
904,339,48,6,95.88,586.35
905,104,45,5,114.78,1664.56
906,433,44,4,42.05,656.57
907,381,36,6,278.18,1629.95
908,271,23,1,384.73,326.21
909,23,41,9,439.81,1315.49
910,206,49,10,353.16,1623.49
911,79,33,7,393.55,1507.8
912,125,14,1,169.84,1987.4
913,226,2,4,373.48,1097.69
914,184,24,2,244.59,1477.93
915,452,2,4,420.18,518.59
916,248,13,4,207.45,1337.61
917,351,27,1,165.3,309.92
918,156,11,9,114.27,1149.55
919,261,6,9,13.11,523.28
920,190,11,4,14.73,1519.9
921,98,34,7,250.3,1064.66
922,207,15,6,299.4,1173.4
923,30,49,8,425.72,1702.22
924,346,30,8,302.53,1191.71
925,21,19,3,371.78,1785.27
926,479,12,7,493.71,1559.23
927,226,3,4,168.11,942.71
928,373,18,5,294.3,142.86
929,414,42,5,127.51,204.02
930,7,20,7,382.96,700.04
931,238,43,5,233.42,336.08
932,100,12,5,399.9,464.54
933,235,17,10,383.47,426.29
934,293,40,1,290.2,1530.42
935,381,45,8,374.71,1560.32
936,183,15,2,143.9,315.31
937,346,22,1,54.03,973.48
938,175,49,10,75.55,1431.64
939,230,7,4,162.8,835.18
940,433,45,3,268.0,177.12
941,367,4,8,51.76,24.03
942,220,17,7,73.06,378.96
943,84,43,2,271.11,954.23
944,461,28,8,339.94,808.66
945,401,22,1,70.98,174.52
946,48,5,3,195.9,97.9
947,326,18,2,489.26,657.63
948,5,9,8,407.34,704.07
949,103,2,7,35.76,129.69
950,305,36,5,426.44,346.82
951,159,3,4,168.1,1415.97
952,323,6,1,462.95,1065.61
953,142,30,5,222.41,881.57
954,450,21,9,237.5,732.34
955,487,38,7,490.46,1741.93
956,186,10,9,343.46,1335.4
957,261,38,10,458.87,851.04
958,367,31,9,323.75,1188.22
959,340,16,6,299.36,614.62
960,97,39,9,36.41,560.47
961,32,11,4,65.32,494.87
962,259,22,7,17.32,822.21
963,153,5,8,474.51,1971.54
964,237,37,8,473.28,897.22
965,308,11,5,443.56,278.87
966,491,37,1,224.21,1037.81
967,387,43,10,43.36,1827.91
968,414,4,1,468.07,474.32
969,26,42,3,237.98,215.99
970,74,22,1,484.14,1709.32
971,226,26,10,74.45,682.0
972,284,37,8,443.57,1491.46
973,85,47,9,472.01,392.29
974,380,15,9,246.86,1768.47
975,264,28,9,481.34,1196.42
976,257,13,8,490.1,1527.27
977,92,34,3,190.86,1257.49
978,134,33,7,237.18,728.72
979,198,33,7,203.39,611.15
980,463,15,10,97.98,1455.46
981,372,19,10,238.53,725.35
982,291,25,6,389.89,1036.54
983,256,30,10,335.25,905.0
984,221,16,5,72.63,1214.57
985,13,13,9,464.22,1622.65
986,56,36,1,370.21,685.1
987,491,39,6,237.08,815.49
988,266,27,1,183.65,307.85
989,291,17,10,101.98,1673.4
990,173,22,6,103.33,1381.67
991,315,17,2,232.17,1733.08
992,92,8,10,265.24,275.59
993,282,40,10,28.22,108.59
994,400,41,4,143.1,1221.3
995,298,46,9,430.67,577.25
996,475,11,4,350.29,1528.8
997,493,2,1,425.47,201.09
998,8,15,8,286.36,1768.61
999,106,32,4,390.56,1582.64
1000,340,44,4,180.65,267.34
1001,207,26,3,178.97,1914.08
1002,199,36,2,292.46,1282.45
1003,155,50,4,133.14,895.52
1004,489,15,9,149.24,756.73
1005,19,4,6,56.16,1212.04
1006,86,12,5,192.56,325.67
1007,317,15,4,297.62,672.76
1008,392,19,1,230.66,1673.15
1009,29,7,3,374.69,871.69
1010,9,8,6,339.36,1522.41
1011,327,16,6,257.64,1075.76
1012,190,10,4,153.36,1842.45
1013,267,46,6,495.39,1130.78
1014,417,5,7,446.23,1714.8
1015,314,5,5,99.41,1497.21
1016,106,34,5,337.89,1893.21
1017,205,35,1,49.85,105.91
1018,279,5,2,40.0,1975.06
1019,54,18,9,120.9,1350.22
1020,396,30,7,472.36,105.48
1021,14,26,4,97.64,1041.82
1022,185,47,4,309.31,1968.41
1023,306,18,5,26.91,486.54
1024,132,6,10,34.38,1938.33
1025,208,26,7,59.39,1696.09
1026,359,21,7,74.08,1613.08
1027,419,50,10,343.36,1964.58
1028,17,19,3,165.01,1260.85
1029,179,47,2,459.5,394.21
1030,362,20,4,402.68,403.68
1031,194,41,10,348.17,103.35
1032,471,2,8,48.27,1763.85
1033,155,26,6,36.73,1423.39
1034,236,2,3,214.99,1158.6
1035,42,23,8,162.16,894.97
1036,25,14,3,488.61,739.15
1037,212,24,1,366.21,1882.19
1038,138,6,4,18.41,183.35
1039,306,46,5,451.98,1701.4
1040,151,23,1,406.16,1187.81
1041,101,13,1,78.14,642.79
1042,215,23,9,288.79,202.15
1043,288,32,2,301.22,1813.36
1044,440,15,6,299.59,586.81
1045,43,29,9,290.09,1545.0
1046,87,7,4,435.96,1531.3
1047,174,19,8,369.79,1998.12
1048,468,32,3,239.87,681.55
1049,308,34,8,325.04,1477.78
1050,380,9,8,464.27,176.12
1051,221,41,7,381.46,566.11
1052,432,27,8,291.13,1619.52
1053,39,30,6,495.37,1459.85
1054,208,49,1,241.78,1621.87
1055,308,40,4,426.65,1549.94
1056,356,39,10,459.73,1089.74
1057,381,18,3,335.79,938.06
1058,470,9,9,476.43,50.81
1059,29,15,9,24.13,391.54
1060,134,49,6,407.34,1728.77
1061,481,19,4,370.07,1605.69
1062,92,41,9,401.4,583.43
1063,150,44,7,205.3,1987.91
1064,498,14,1,40.83,935.69
1065,245,25,1,358.85,1101.14
1066,24,10,5,465.77,1348.65
1067,18,23,7,362.44,1553.62
1068,254,39,5,339.66,311.98
1069,484,2,4,449.42,106.86
1070,230,21,4,83.46,1377.35
1071,324,25,3,100.05,1143.58
1072,214,38,3,298.93,1946.58
1073,116,10,3,184.82,972.52
1074,442,5,8,398.14,339.99
1075,138,49,5,409.01,1200.24
1076,56,15,6,138.04,1771.46
1077,88,6,2,26.79,66.66
1078,285,46,10,226.05,175.8
1079,79,24,3,358.35,176.19
1080,230,24,4,261.34,1905.75
1081,75,14,5,227.12,1475.73
1082,399,24,10,407.51,1898.09
1083,221,33,3,297.64,214.83
1084,196,44,5,180.21,502.64
1085,362,28,2,332.91,1414.84
1086,64,12,2,180.72,764.68
1087,398,1,1,317.36,1502.18
1088,288,16,8,191.59,1482.4
1089,466,41,6,119.9,1183.37
1090,147,28,8,360.3,1662.9
1091,230,20,2,143.17,1742.91
1092,105,28,7,314.5,1634.11
1093,301,46,9,109.78,1500.66
1094,431,9,1,148.69,58.27
1095,16,5,10,148.72,655.69
1096,201,47,4,391.32,390.56
1097,104,3,1,265.98,110.6
1098,44,9,2,178.96,226.82
1099,379,43,3,39.82,686.0
1100,70,15,1,25.55,1520.27
1101,88,18,1,221.49,822.52
1102,464,24,9,60.08,930.22
1103,1,22,6,401.55,1770.76
1104,343,10,9,406.53,1282.55
1105,221,10,3,236.53,370.45
1106,95,28,8,483.34,699.02
1107,217,41,4,139.79,627.45
1108,122,38,4,401.56,1916.09
1109,424,19,7,438.24,712.88
1110,32,4,4,424.29,1069.46
1111,201,49,8,139.69,779.33
1112,236,21,10,201.7,794.94
1113,213,3,8,170.42,479.17
1114,372,49,10,380.49,1455.24
1115,171,41,7,381.94,1598.54
1116,359,25,2,455.37,1654.62
1117,1,1,4,226.79,547.61
1118,186,35,10,335.42,151.66
1119,175,18,10,332.57,525.02
1120,293,46,9,408.14,373.66
1121,464,27,7,226.27,917.14
1122,30,12,10,414.31,538.58
1123,500,28,8,303.61,778.96
1124,35,24,1,53.78,1166.69
1125,117,34,1,226.7,1416.78
1126,360,39,3,444.76,201.75
1127,282,1,4,19.81,173.26
1128,79,39,3,454.97,1800.11
1129,319,6,6,373.22,1778.64
1130,98,23,2,179.28,138.88
1131,99,2,3,213.26,1432.16
1132,413,8,4,93.48,1452.88
1133,216,31,6,495.93,1286.55
1134,65,23,5,240.35,228.21
1135,158,21,3,19.24,1394.94
1136,374,37,6,489.33,493.54
1137,229,6,4,404.57,680.44
1138,288,29,9,498.51,419.44
1139,375,5,2,147.67,534.71
1140,419,15,9,146.24,1011.49
1141,256,12,8,116.31,43.32
1142,88,13,3,53.17,1790.94
1143,377,15,7,37.65,585.65
1144,370,49,1,423.85,1400.61
1145,139,11,10,215.74,1058.11
1146,406,18,2,83.63,853.76
1147,172,46,10,17.19,1339.54
1148,402,8,2,262.78,978.99
1149,333,11,3,47.02,189.15
1150,318,17,2,465.61,21.88
1151,396,36,10,31.21,850.65
1152,226,41,10,336.53,257.2
1153,150,48,8,416.87,1512.62
1154,213,28,7,285.8,143.36
1155,65,29,2,336.26,1988.68
1156,42,1,2,74.8,375.5
1157,433,33,2,344.8,1136.81
1158,175,27,10,320.28,1007.62
1159,61,26,2,414.75,317.54
1160,276,31,3,316.99,924.54
1161,251,50,8,128.78,307.03
1162,144,9,3,288.3,899.2
1163,412,28,3,279.32,1753.92
1164,39,24,4,37.97,764.55
1165,91,33,7,165.59,1691.97
1166,25,14,1,48.16,1050.91
1167,100,20,3,67.52,925.01
1168,305,22,8,357.2,720.47
1169,41,25,8,359.29,974.11
1170,31,46,2,135.77,555.18
1171,318,37,5,355.04,994.25
1172,356,43,7,60.93,385.51
1173,273,14,6,390.21,193.38
1174,165,24,5,212.73,785.11
1175,422,8,7,184.42,684.07
1176,372,39,5,266.53,1216.38
1177,142,18,10,285.76,1527.8
1178,105,33,4,49.67,1704.39
1179,448,46,4,349.53,545.41
1180,264,6,1,27.2,392.43
1181,132,35,8,53.67,457.26
1182,490,25,4,144.44,1275.52
1183,80,20,6,195.09,1584.61
1184,474,29,1,158.1,1324.4
1185,134,3,8,374.35,147.45
1186,317,15,4,328.23,392.55
1187,149,26,1,132.84,604.72
1188,160,38,7,78.49,1430.97
1189,345,21,4,235.8,135.08
1190,61,37,8,204.64,142.21
1191,389,14,9,165.88,1958.55
1192,181,19,6,478.89,682.23
1193,306,42,2,409.65,979.08
1194,399,14,9,83.87,74.07
1195,73,2,7,447.81,1448.49
1196,255,17,10,23.5,1031.75
1197,64,36,10,20.19,1792.99
1198,48,14,6,314.22,458.58
1199,379,6,1,388.4,430.03
1200,489,38,7,352.31,892.96
1201,404,27,5,256.23,468.88
1202,176,9,1,327.33,195.42
1203,304,37,2,159.65,1231.34
1204,440,48,6,494.26,1554.2
1205,15,36,7,458.94,1238.61
1206,211,28,9,102.67,1336.88
1207,355,42,7,236.04,258.2
1208,71,44,7,423.42,530.08
1209,231,29,1,233.07,479.3
1210,1,20,5,426.2,1510.36
1211,156,40,7,292.47,1320.8
1212,155,5,8,259.3,936.3
1213,413,15,6,156.46,154.94
1214,271,50,2,416.88,859.14
1215,153,26,9,175.51,716.34
1216,171,26,4,254.23,1834.05
1217,447,4,1,71.77,780.57
1218,158,41,4,237.52,1106.82
1219,109,40,9,385.33,346.8
1220,495,4,6,285.64,1485.22
1221,408,9,1,485.72,898.11
1222,206,31,6,269.53,592.62
1223,126,33,3,123.16,495.04
1224,188,10,10,422.92,672.75
1225,161,9,4,225.72,1299.23
1226,220,15,3,117.55,1617.94
1227,373,12,3,459.59,1922.06
1228,91,35,3,380.13,447.96
1229,277,48,3,274.15,749.51
1230,116,45,3,251.35,1125.39
1231,335,38,10,83.46,248.89
1232,176,20,8,373.28,711.99
1233,431,46,8,146.18,1053.08
1234,56,46,10,454.58,807.89
1235,106,12,7,93.08,648.59
1236,196,42,6,266.98,1945.82
1237,376,9,8,19.7,882.84
1238,79,15,2,336.07,1342.16
1239,272,34,3,64.75,1490.37
1240,276,29,7,260.26,1631.0
1241,19,22,8,287.92,597.65
1242,11,17,2,173.0,673.52
1243,122,18,8,432.12,507.1
1244,208,23,5,321.95,668.02
1245,336,36,2,157.19,82.45
1246,268,27,10,377.86,475.62
1247,369,41,3,335.18,587.24
1248,323,40,8,68.65,1750.84
1249,303,40,2,262.83,79.51
1250,20,42,6,131.72,30.72
1251,485,43,1,293.19,588.0
1252,312,36,1,29.78,309.59
1253,238,5,8,411.07,1185.81
1254,333,15,3,425.76,837.61
1255,67,46,8,328.87,1188.92
1256,273,9,8,309.89,891.15
1257,108,45,3,52.39,346.98
1258,66,18,6,467.66,1337.56
1259,90,31,5,186.16,705.12
1260,83,9,3,135.88,1930.18
1261,301,13,7,336.59,38.24
1262,452,44,7,462.47,585.39
1263,78,34,5,142.1,1837.27
1264,275,5,10,41.39,892.98
1265,250,9,5,394.54,1475.16
1266,495,46,10,59.12,847.38
1267,367,24,4,266.83,1426.25
1268,264,15,5,97.43,670.98
1269,319,11,1,240.1,324.67
1270,145,29,6,414.12,1525.99
1271,77,40,1,62.28,49.69
1272,478,41,2,348.66,1303.81
1273,158,48,1,487.17,1602.08
1274,463,30,9,306.13,848.07
1275,336,15,1,91.82,809.45
1276,14,6,7,179.56,381.73
1277,484,11,7,387.92,707.13
1278,248,1,6,359.14,1729.7
1279,388,3,10,262.47,1342.75
1280,35,48,8,440.17,1374.63
1281,43,19,10,192.01,642.16
1282,76,36,2,498.98,1112.59
1283,107,43,7,51.88,585.9
1284,94,44,4,464.1,91.2
1285,290,48,8,398.95,782.95
1286,154,8,3,287.64,413.91
1287,486,44,10,336.51,1016.66
1288,96,27,9,207.9,738.08
1289,274,12,6,273.19,1640.0
1290,78,33,3,423.91,500.54
1291,314,14,3,226.48,1936.87
1292,393,32,1,45.87,1343.36
1293,263,7,7,259.59,917.48
1294,12,20,9,49.79,1657.51
1295,215,47,7,59.84,1974.78
1296,150,50,5,308.45,1438.67
1297,480,34,10,477.98,472.88
1298,81,39,5,411.83,839.05
1299,15,29,9,150.83,1274.8
1300,109,13,7,418.69,184.6
1301,218,3,1,284.17,111.55
1302,37,23,6,156.28,50.14
1303,315,47,4,143.58,1213.84
1304,398,7,1,385.04,476.22
1305,195,14,6,267.12,408.14
1306,387,16,8,142.6,457.02
1307,414,35,1,493.79,524.66
1308,365,49,3,337.86,732.92
1309,88,34,2,450.56,1855.69
1310,342,14,1,118.53,235.34
1311,114,12,8,308.89,136.8
1312,374,42,10,117.17,685.96
1313,497,33,10,89.82,1961.13
1314,235,48,7,120.56,1662.96
1315,36,29,5,140.08,464.23
1316,265,36,9,420.25,1154.77
1317,309,27,1,89.62,1322.02
1318,206,45,1,450.55,1078.62
1319,30,4,10,290.72,1658.16
1320,128,42,9,411.09,1570.21
1321,21,24,8,265.16,620.11
1322,290,42,10,253.02,1825.76
1323,205,30,5,189.32,292.47
1324,3,34,6,435.23,1023.28
1325,392,45,7,56.73,827.72
1326,6,7,5,190.29,774.08
1327,16,49,5,422.28,961.11
1328,84,38,4,387.62,413.07
1329,96,6,4,105.16,363.02
1330,482,28,5,140.77,225.97
1331,250,13,3,10.74,402.29
1332,168,6,3,158.37,1474.64
1333,162,33,6,260.76,1136.15
1334,163,33,6,194.0,76.97
1335,275,9,3,41.93,299.34
1336,417,27,10,275.54,141.53
1337,385,23,9,163.37,1319.44
1338,363,37,8,118.39,1034.88
1339,320,7,7,351.75,1509.66
1340,100,42,9,26.04,883.11
1341,4,27,9,145.7,256.13
1342,113,36,5,222.42,1868.54
1343,229,14,8,205.12,210.48
1344,194,18,7,25.36,948.72
1345,225,10,6,291.79,1430.62
1346,451,26,2,477.08,1640.71
1347,253,2,1,295.71,1120.23
1348,351,49,6,405.73,88.73
1349,161,26,3,84.45,495.88
1350,245,4,4,399.29,492.95
1351,17,12,8,159.61,1588.8
1352,356,36,1,428.64,1774.04
1353,31,1,9,418.01,1927.14
1354,260,41,4,191.54,1877.94
1355,477,25,7,45.24,1866.76
1356,409,33,4,205.25,878.25
1357,85,41,9,33.65,825.32
1358,15,46,9,92.55,528.25
1359,53,19,9,219.24,935.01
1360,466,47,10,120.21,1547.71
1361,500,27,2,490.94,447.93
1362,106,14,10,290.42,1262.81
1363,372,15,8,402.06,1730.59
1364,313,10,1,393.49,1133.74
1365,385,47,4,264.12,380.86
1366,462,19,3,271.1,1570.67
1367,158,9,10,438.51,773.54
1368,254,8,3,149.11,666.02
1369,347,38,5,379.31,1729.56
1370,431,18,2,390.99,336.36
1371,480,12,3,191.53,1439.83
1372,382,7,4,244.79,1420.49
1373,358,14,8,397.34,1324.78
1374,448,18,4,439.71,980.12
1375,114,8,5,472.77,413.34
1376,289,18,4,14.5,1535.62
1377,248,5,4,50.09,511.72
1378,87,22,2,268.26,1559.77
1379,10,34,7,122.08,1657.73
1380,93,23,7,227.87,1094.33
1381,147,23,9,247.92,65.98
1382,87,49,1,207.02,940.41
1383,279,5,7,371.69,1777.23
1384,463,17,4,434.79,350.65
1385,22,24,9,477.35,321.25
1386,201,30,8,396.97,398.52
1387,45,21,8,52.35,763.34
1388,346,11,3,307.31,1756.96
1389,234,1,8,130.47,1802.27
1390,274,48,6,480.38,853.72
1391,491,7,5,271.89,1141.41
1392,342,39,5,423.94,1494.34
1393,147,2,6,281.69,1994.91
1394,463,32,2,412.43,1347.38
1395,410,14,1,154.62,1631.02
1396,402,39,2,130.96,926.2
1397,359,32,9,357.69,1208.93
1398,94,32,5,417.48,1908.61
1399,436,34,2,395.76,1667.99
1400,243,21,10,414.19,1332.83
1401,13,39,4,333.44,869.27
1402,270,30,1,124.92,1164.32
1403,132,24,1,167.64,1398.07
1404,485,33,6,364.06,1210.25
1405,428,2,6,321.79,998.4
1406,103,29,7,129.48,1814.92
1407,250,11,10,127.49,1332.47
1408,405,3,4,57.52,988.91
1409,313,3,5,148.83,888.97
1410,316,45,4,250.05,796.44
1411,408,1,6,223.77,1028.59
1412,231,49,1,360.29,359.13
1413,341,3,10,415.69,1183.51
1414,373,42,3,76.95,1572.14
1415,498,32,6,322.97,403.77
1416,366,28,5,13.21,1659.44
1417,37,3,10,378.8,1626.03
1418,490,39,8,210.02,498.54
1419,408,19,10,66.97,1056.22
1420,177,29,6,238.58,1364.34
1421,353,31,1,312.18,1922.01
1422,116,41,9,224.99,706.66
1423,333,34,10,138.66,1215.6
1424,485,25,5,236.07,1602.55
1425,272,23,7,337.73,1648.85
1426,363,10,10,203.88,1405.97
1427,351,10,7,293.47,1978.22
1428,392,33,10,402.34,1946.0
1429,242,2,8,457.78,939.05
1430,481,18,9,453.99,53.42
1431,258,30,10,292.74,1734.93
1432,386,14,2,18.55,1593.23
1433,132,8,9,475.07,1158.64
1434,69,29,5,394.27,1793.92
1435,64,46,4,316.28,1455.96
1436,102,10,8,255.92,849.62
1437,14,37,10,498.06,1160.07
1438,409,41,4,24.43,665.67
1439,73,49,7,89.54,1219.38
1440,28,18,2,310.59,251.88
1441,404,13,6,281.01,1889.85
1442,336,23,5,120.52,417.43
1443,7,14,6,454.89,171.07
1444,282,49,4,81.53,785.79
1445,382,22,10,81.11,1368.98
1446,2,39,5,136.04,1079.84
1447,347,30,5,73.21,1718.41
1448,459,32,9,203.07,1748.75
1449,340,22,10,10.99,1202.18
1450,336,34,4,146.91,1960.63
1451,495,3,3,97.29,714.6
1452,54,35,3,491.46,576.46
1453,68,3,1,190.22,1169.16
1454,270,48,6,411.49,1345.86
1455,240,6,4,168.9,1337.4
1456,123,10,7,415.34,1366.16
1457,373,48,2,212.14,1792.05
1458,25,44,8,327.49,1824.04
1459,1,13,7,127.36,1057.05
1460,20,28,10,112.63,1596.74
1461,431,10,3,164.5,315.74
1462,273,12,6,42.52,1509.42
1463,493,44,7,215.83,766.26
1464,113,21,1,445.17,1885.72
1465,247,36,4,316.75,797.41
1466,398,48,5,90.73,1874.14
1467,99,37,2,353.41,756.54
1468,220,13,10,332.96,1200.99
1469,131,50,8,373.67,1162.79
1470,47,38,7,288.56,818.79
1471,275,16,4,313.46,908.68
1472,19,45,7,377.05,254.61
1473,343,31,7,201.81,1821.04
1474,39,38,1,275.28,1960.19
1475,5,24,9,66.06,799.18
1476,426,39,1,72.96,1788.66
1477,122,9,6,432.86,1157.43
1478,180,22,9,350.23,450.1
1479,456,6,10,158.5,85.19
1480,341,25,10,361.61,93.36
1481,343,14,3,301.13,674.15
1482,350,3,6,198.43,1154.95
1483,250,30,3,455.21,856.69
1484,283,32,3,318.58,1733.33
1485,479,22,7,39.69,222.42
1486,472,13,5,152.77,232.01
1487,23,10,2,156.67,1981.33
1488,277,34,5,121.69,546.18
1489,194,48,3,24.09,250.3
1490,146,30,5,421.37,1777.95
1491,154,5,6,88.57,469.1
1492,497,38,1,303.8,523.25
1493,255,49,2,47.09,877.93
1494,239,19,6,370.96,775.43
1495,491,11,8,67.97,1176.09
1496,141,12,5,498.16,1154.95
1497,170,46,3,497.52,766.64
1498,174,23,4,428.73,1276.32
1499,344,26,8,383.1,861.93
1500,187,41,9,315.0,165.6
1501,235,13,4,487.27,1364.68
1502,485,45,1,442.14,1155.81
1503,365,4,7,374.08,90.6
1504,343,24,3,466.24,1750.13
1505,418,24,4,183.22,929.32
1506,159,19,7,49.51,1419.86
1507,47,26,8,107.01,1895.52
1508,345,28,7,447.58,267.59
1509,385,6,5,386.1,841.65
1510,87,8,8,123.09,1385.0
1511,222,36,6,30.19,644.62
1512,486,23,9,240.36,470.97
1513,2,25,10,81.66,1279.82
1514,415,31,2,348.77,285.55
1515,461,48,8,435.1,295.34
1516,371,31,8,270.64,388.51
1517,313,6,6,391.17,990.28
1518,496,16,3,226.82,1951.63
1519,176,46,10,145.35,955.24
1520,206,10,10,329.89,662.24
1521,303,22,2,392.79,1471.8
1522,61,25,7,65.02,766.04
1523,349,46,1,464.93,123.96
1524,496,38,4,85.21,227.83
1525,197,18,9,79.22,494.66
1526,216,3,4,303.64,384.28
1527,233,26,9,143.69,1191.89
1528,262,3,6,362.48,1689.67
1529,179,17,8,42.44,1772.96
1530,359,30,1,344.71,154.73
1531,227,32,2,415.49,824.44
1532,440,10,9,409.83,424.7
1533,228,20,6,233.93,904.32
1534,65,2,8,421.24,1332.29
1535,94,10,6,197.09,372.54
1536,31,8,4,78.16,837.55
1537,15,26,1,399.84,1296.97
1538,78,26,8,35.44,1757.6
1539,260,29,8,26.87,349.29
1540,184,4,4,331.14,599.15
1541,238,48,6,375.29,697.1
1542,371,28,5,378.19,775.04
1543,398,49,8,220.38,719.04
1544,222,46,2,165.44,176.64
1545,158,11,7,470.44,1856.63
1546,1,50,4,116.99,440.58
1547,211,50,3,54.5,1484.16
1548,326,28,2,164.28,1673.95
1549,99,35,6,438.08,1778.87
1550,305,19,2,207.77,688.1
1551,6,18,6,309.88,743.32
1552,113,35,6,476.8,1402.35
1553,335,7,4,301.37,591.76
1554,370,19,2,179.25,1612.83
1555,277,33,10,207.49,1520.68
1556,287,4,10,99.76,223.18
1557,250,39,2,19.8,52.57
1558,68,15,10,453.81,1631.67
1559,169,21,8,118.15,1312.36
1560,476,9,7,55.51,820.5
1561,168,12,4,191.24,1631.06
1562,350,22,1,152.59,1464.99
1563,24,25,3,468.6,1134.72
1564,454,35,5,386.94,452.66
1565,356,19,5,187.91,719.56
1566,349,2,8,452.42,707.24
1567,42,47,1,288.6,209.8
1568,90,24,2,268.48,402.63
1569,238,1,9,454.39,707.6
1570,370,45,5,356.71,750.22
1571,273,19,5,470.31,49.99
1572,498,39,9,68.69,1802.85
1573,422,9,10,153.68,775.59
1574,117,2,9,64.29,1093.11
1575,319,50,7,223.61,67.22
1576,178,10,9,474.8,935.75
1577,50,44,2,485.84,716.18
1578,306,27,4,192.73,98.93
1579,268,22,6,392.28,1878.0
1580,322,9,5,298.97,767.64
1581,409,1,10,434.48,1515.4
1582,271,30,1,439.54,240.82
1583,275,2,7,487.77,1080.57
1584,176,1,10,488.01,1010.88
1585,204,49,2,127.81,1651.26
1586,409,9,10,411.93,1585.62
1587,146,5,6,330.8,1582.7
1588,465,48,5,482.31,1372.39
1589,155,39,3,238.72,1243.58
1590,460,37,9,180.8,1402.0
1591,120,1,2,126.62,502.57
1592,490,38,9,331.91,197.58
1593,475,3,5,409.87,275.62
1594,52,4,2,355.89,892.31
1595,304,23,3,393.66,1963.38
1596,289,31,7,459.26,486.65
1597,456,40,8,280.91,70.69
1598,477,12,10,358.48,1631.58
1599,326,46,7,38.16,244.74
1600,6,42,7,427.26,1826.73
1601,16,46,9,404.17,1409.25
1602,7,43,7,55.66,1612.72
1603,370,34,9,16.02,128.05
1604,222,29,7,170.36,814.06
1605,338,39,2,404.52,1234.53
1606,464,39,9,417.96,1194.77
1607,203,2,2,405.96,400.69
1608,80,44,8,99.37,1087.48
1609,63,33,5,54.41,201.99
1610,170,32,6,360.5,802.37
1611,270,37,8,150.79,191.23
1612,303,21,9,189.32,1313.15
1613,37,37,1,89.89,772.47
1614,124,31,6,49.64,483.29
1615,424,27,10,337.2,376.56
1616,41,26,9,177.77,124.31
1617,410,7,7,284.84,1861.21
1618,351,50,9,240.79,84.79
1619,223,29,8,312.09,1838.16
1620,5,21,3,327.84,829.71
1621,135,8,1,493.93,243.44
1622,493,7,10,415.2,999.05
1623,327,45,10,337.91,745.08
1624,417,16,2,342.52,1430.11
1625,142,28,10,477.55,728.17
1626,216,38,1,419.36,535.44
1627,465,19,5,355.11,435.06
1628,124,39,7,128.41,1346.54
1629,137,43,1,374.44,1047.79
1630,413,2,7,171.68,236.35
1631,281,4,8,324.11,1350.46
1632,236,26,8,10.43,913.99
1633,327,19,6,492.51,1237.68
1634,62,4,8,383.87,714.94
1635,488,32,8,70.26,1745.55
1636,180,31,7,303.7,991.89
1637,415,10,5,56.15,781.02
1638,366,7,9,74.36,1690.24
1639,207,5,6,118.64,1000.39
1640,468,29,3,141.57,930.03
1641,384,13,4,58.64,440.94
1642,151,39,7,220.62,1898.51
1643,232,10,1,424.75,102.22
1644,260,29,10,468.42,1146.28
1645,410,13,6,385.57,66.92
1646,132,17,6,489.82,596.01
1647,66,14,3,303.69,1460.75
1648,136,42,4,398.65,904.06
1649,35,43,5,47.18,1762.81
1650,158,17,3,293.82,64.22
1651,308,36,3,413.1,742.57
1652,409,7,6,47.54,1408.64
1653,9,32,1,296.74,105.65
1654,353,2,5,277.86,915.08
1655,363,15,1,474.17,169.06
1656,331,43,4,25.47,558.91
1657,176,6,8,409.41,303.84
1658,224,24,4,453.31,1131.86
1659,461,38,10,282.23,887.77
1660,212,13,2,494.19,296.76
1661,459,7,7,239.73,96.45
1662,376,40,7,38.34,187.01
1663,269,22,1,456.94,1115.69
1664,84,40,10,145.11,1251.64
1665,355,48,10,259.16,171.35
1666,191,22,8,120.38,927.71
1667,290,30,2,198.51,499.42
1668,353,6,6,145.98,1558.63
1669,405,33,7,257.46,1173.6
1670,450,39,3,255.07,1248.97
1671,343,35,8,211.18,1745.61
1672,111,18,1,96.9,1809.99
1673,331,25,8,84.22,326.06
1674,138,37,2,268.42,721.75
1675,159,31,6,370.12,1815.58
1676,385,39,6,352.08,195.87
1677,457,6,5,166.66,49.89
1678,23,37,4,425.83,1981.98
1679,325,50,4,54.78,1521.99
1680,383,43,8,51.22,345.74
1681,207,41,7,460.37,1877.13
1682,127,30,2,228.45,451.88
1683,76,14,10,481.86,313.68
1684,217,6,9,362.78,1149.05
1685,129,42,1,409.26,1441.4
1686,138,15,3,359.42,1035.51
1687,81,16,8,310.51,163.07
1688,253,40,10,485.34,1762.11
1689,99,7,1,46.16,1557.33
1690,116,42,7,223.61,780.53
1691,225,18,1,58.05,1477.55
1692,70,3,9,78.89,156.76
1693,484,20,5,490.67,1687.6
1694,307,37,4,457.21,1078.41
1695,267,50,2,234.5,1060.13
1696,266,2,3,166.45,87.72
1697,106,34,7,408.63,385.63
1698,334,47,8,493.09,494.36
1699,27,20,2,71.89,1340.08
1700,143,26,8,16.21,117.41
1701,324,49,3,165.97,50.35
1702,154,28,3,194.57,696.53
1703,317,45,4,163.24,1361.2
1704,341,28,4,406.12,168.48
1705,277,18,9,59.5,802.35
1706,376,47,2,268.66,317.53
1707,274,22,6,343.63,1654.71
1708,412,28,4,343.56,671.67
1709,272,41,8,461.96,1774.05
1710,154,24,9,346.74,62.95
1711,406,18,3,63.15,1163.87
1712,87,47,3,214.53,358.75
1713,379,17,4,480.85,855.72
1714,126,34,3,51.35,201.02
1715,454,28,8,138.79,922.21
1716,4,38,5,23.48,1703.76
1717,415,37,7,146.67,1274.39
1718,234,6,9,492.21,849.45
1719,312,39,10,186.8,1618.65
1720,442,40,3,226.14,376.11
1721,238,24,1,337.69,52.23
1722,283,34,2,328.36,629.12
1723,362,38,10,233.91,102.21
1724,437,25,2,160.33,1983.02
1725,399,36,5,329.1,690.76
1726,39,8,5,186.72,430.55
1727,194,24,10,109.83,706.13
1728,482,25,3,117.09,1963.58
1729,500,28,1,40.47,1874.77
1730,211,47,9,435.09,1655.34
1731,415,16,3,213.04,1962.44
1732,494,17,9,464.79,88.09
1733,72,39,6,358.92,300.06
1734,123,6,5,375.97,1439.39
1735,394,7,3,189.89,755.88
1736,105,46,7,356.16,1836.93
1737,283,26,4,144.71,368.77
1738,206,9,9,236.75,41.3
1739,76,12,8,217.69,1900.39
1740,203,35,6,245.23,1406.57
1741,343,31,7,43.8,1108.65
1742,341,25,1,19.46,1080.05
1743,84,14,1,51.38,1279.17
1744,381,46,7,308.6,970.47
1745,229,29,8,213.33,1216.51
1746,358,36,5,162.69,1036.14
1747,5,10,10,339.1,1973.58
1748,266,32,9,240.79,1006.31
1749,233,19,9,311.81,1140.23
1750,199,33,7,93.07,1487.41
1751,206,38,4,481.77,956.13
1752,29,38,5,215.85,950.28
1753,120,17,9,139.82,1014.27
1754,94,46,10,465.05,643.35
1755,22,31,1,148.72,559.09
1756,380,44,10,48.04,738.65
1757,421,13,8,113.24,548.02
1758,122,5,10,400.5,1337.41
1759,159,20,3,253.66,68.59
1760,206,34,10,479.1,1143.91
1761,432,25,10,477.14,1576.24
1762,131,45,5,411.42,846.39
1763,274,28,8,364.9,1600.58
1764,75,28,2,353.88,291.46
1765,79,32,2,452.28,401.69
1766,47,32,3,190.64,172.99
1767,193,34,4,36.68,929.95
1768,405,16,6,373.23,1995.71
1769,170,16,10,355.01,97.24
1770,411,18,10,462.76,132.79
1771,295,46,10,391.98,767.93
1772,263,7,5,96.81,857.19
1773,33,14,4,110.67,1347.4
1774,158,5,7,496.8,1024.57
1775,1,9,2,182.39,637.94
1776,170,45,6,313.96,480.94
1777,181,49,8,45.62,1402.88
1778,181,2,10,126.49,446.63
1779,133,1,8,114.26,403.89
1780,360,16,6,456.27,928.48
1781,97,3,8,172.28,1834.91
1782,9,44,9,272.17,1142.03
1783,168,33,9,392.61,1309.04
1784,433,34,5,145.53,680.38
1785,144,48,1,61.24,1717.18
1786,218,13,3,47.27,1950.45
1787,239,5,5,219.26,1550.57
1788,75,21,7,460.62,739.23
1789,440,5,1,478.03,1555.75
1790,275,32,1,474.66,1801.53
1791,418,32,5,223.54,1530.96
1792,379,31,10,448.51,1199.66
1793,150,6,4,131.52,1913.09
1794,286,32,2,427.61,1739.68
1795,215,8,10,299.36,207.17
1796,191,1,4,212.77,745.43
1797,314,20,9,222.22,391.6
1798,99,5,10,78.41,1914.02
1799,212,24,7,279.92,1825.58
1800,355,42,7,392.39,1218.9
1801,84,26,1,180.24,983.84
1802,255,8,3,21.61,376.22
1803,153,12,7,355.65,1283.13
1804,139,5,6,281.47,1553.57
1805,17,47,3,124.56,1843.76
1806,472,11,1,244.39,1370.8
1807,257,26,8,310.51,1315.14
1808,184,26,1,39.58,241.65
1809,40,1,6,236.33,117.21
1810,1,39,1,272.67,24.09
1811,132,33,3,453.56,1997.67
1812,240,18,6,31.28,1953.14
1813,258,25,5,316.54,661.77
1814,142,9,9,97.4,550.04
1815,360,30,4,12.55,739.27
1816,71,12,3,73.85,1254.86
1817,376,39,10,280.19,1690.14
1818,282,23,3,76.81,1224.24
1819,35,33,2,231.75,45.8
1820,469,42,5,316.55,1394.44
1821,153,29,10,190.26,502.53
1822,288,32,1,388.86,1213.66
1823,263,38,7,41.49,389.5
1824,320,25,2,301.9,292.19
1825,263,38,7,466.67,252.44
1826,416,5,3,110.6,1838.8
1827,244,43,9,53.98,916.43
1828,424,24,8,201.03,1480.34
1829,108,44,2,182.41,114.49
1830,37,32,2,60.84,953.48
1831,198,8,3,47.43,1985.19
1832,254,18,1,21.63,601.99
1833,89,26,10,480.98,1238.74
1834,493,12,2,411.96,379.54
1835,500,13,8,66.9,1459.23
1836,375,24,7,219.39,1029.76
1837,345,27,1,105.83,1183.73
1838,9,27,2,226.5,1928.88
1839,489,33,9,395.09,338.63
1840,296,24,8,193.52,417.93
1841,397,48,8,439.77,969.42
1842,202,25,4,219.01,756.16
1843,232,43,2,417.08,436.66
1844,486,35,10,136.24,520.21
1845,29,18,10,284.64,477.59
1846,201,47,9,74.52,1112.7
1847,311,16,8,361.8,924.05
1848,387,31,8,14.7,1126.66
1849,207,32,9,484.54,687.34
1850,244,14,3,168.61,1010.59
1851,98,1,9,331.79,792.87
1852,229,19,6,86.4,1046.6
1853,482,49,2,488.97,1648.28
1854,216,36,3,145.58,1596.75
1855,77,48,10,459.42,1775.38
1856,271,15,4,282.54,205.09
1857,262,19,6,471.87,1065.64
1858,435,31,3,243.88,1191.62
1859,412,2,8,326.05,236.49
1860,129,25,8,381.16,1760.21
1861,487,9,10,435.15,1828.08
1862,127,18,2,268.97,55.63
1863,93,8,1,241.97,1641.28
1864,107,26,10,446.48,1042.36
1865,153,23,10,483.74,958.08
1866,268,47,2,478.86,1858.8
1867,150,18,4,151.77,87.44
1868,411,34,2,346.0,799.65
1869,426,13,3,208.28,1029.84
1870,427,4,8,91.71,784.71
1871,224,7,1,164.56,837.0
1872,162,37,9,230.79,1998.51
1873,337,8,6,150.59,771.58
1874,334,15,8,281.22,1237.5
1875,453,50,3,309.31,1504.29
1876,293,18,10,489.46,1207.32
1877,263,1,9,248.22,172.23
1878,44,32,8,32.89,1333.99
1879,437,20,4,411.61,1862.8
1880,395,4,8,169.62,906.09
1881,239,50,4,345.94,1134.98
1882,226,32,3,157.53,1421.12
1883,230,25,10,55.24,1075.77
1884,37,4,1,476.47,435.6
1885,337,26,2,430.6,449.93
1886,53,40,4,496.16,237.14
1887,120,43,8,109.62,1684.37
1888,16,2,3,337.89,1072.64
1889,64,30,5,103.0,1236.17
1890,448,18,9,494.75,326.49
1891,220,50,10,237.89,1626.8
1892,33,10,7,362.91,1155.38
1893,493,33,9,264.22,284.66
1894,376,22,8,286.54,1553.7
1895,435,2,7,54.65,608.94
1896,345,18,9,36.42,1340.31
1897,200,33,3,485.14,224.93
1898,205,41,3,478.92,700.41
1899,497,36,1,77.4,100.52
1900,242,42,4,185.61,703.03
1901,342,50,10,325.99,838.71
1902,173,19,9,138.92,481.68
1903,151,29,5,316.2,1560.5
1904,292,45,1,448.54,445.29
1905,98,29,8,286.96,83.07
1906,20,20,5,55.34,1533.81
1907,194,40,9,143.71,653.41
1908,482,33,3,372.01,587.32
1909,141,29,9,176.83,282.05
1910,362,44,7,271.81,512.22
1911,447,27,6,282.01,104.33
1912,99,18,3,238.4,1549.87
1913,72,31,4,17.97,577.95
1914,294,38,4,62.86,183.81
1915,110,38,5,129.86,957.51
1916,301,40,8,409.68,102.3
1917,299,31,7,368.07,626.63
1918,434,26,4,490.82,1139.15
1919,478,43,4,76.87,526.51
1920,269,2,7,447.76,1623.75
1921,443,33,1,319.6,1777.62
1922,68,1,3,401.11,658.36
1923,487,21,10,466.81,678.36
1924,481,50,6,50.74,1170.41
1925,322,31,3,142.3,1579.98
1926,33,40,2,476.46,464.2
1927,421,50,1,398.65,1622.12
1928,451,15,6,217.79,1011.46
1929,176,33,6,285.11,457.78
1930,324,4,9,418.06,853.58
1931,93,18,6,158.39,1921.57
1932,226,42,2,422.71,190.0
1933,383,4,1,81.5,1292.05
1934,322,1,9,19.78,777.82
1935,228,49,6,253.74,1645.59
1936,350,29,2,106.92,1164.45
1937,319,7,4,28.1,1642.44
1938,44,23,8,329.11,80.86
1939,78,20,5,92.02,407.42
1940,253,26,4,163.22,501.28
1941,93,42,5,430.08,950.71
1942,236,46,7,66.12,301.7
1943,238,17,2,285.73,499.22
1944,232,45,2,256.21,782.1
1945,413,10,3,68.55,1996.58
1946,198,21,7,147.44,80.83
1947,89,21,8,441.67,674.26
1948,175,27,6,342.72,208.75
1949,370,33,9,209.06,1093.69
1950,309,22,5,415.95,576.25
1951,44,38,9,127.04,1639.4
1952,91,32,5,491.38,1573.56
1953,342,50,4,99.94,401.66
1954,125,16,10,196.45,461.16
1955,285,6,10,251.18,1118.16
1956,189,1,6,478.43,1864.06
1957,299,1,5,229.08,804.91
1958,371,22,2,44.74,511.13
1959,284,48,2,344.4,1243.34
1960,359,29,10,154.91,1535.04
1961,285,14,2,239.96,1456.32
1962,240,7,1,312.18,1295.79
1963,250,13,2,205.39,1302.18
1964,232,16,7,370.97,827.8
1965,335,50,7,232.77,1664.45
1966,377,11,9,390.73,312.66
1967,141,15,10,463.01,737.57
1968,227,47,9,402.6,707.07
1969,81,14,5,392.37,176.21
1970,363,33,10,125.64,1069.43
1971,41,19,9,420.5,1793.98
1972,261,32,3,291.6,44.66
1973,452,5,5,315.07,1358.51
1974,370,39,2,346.55,958.73
1975,295,20,6,205.29,1203.26
1976,10,39,9,74.01,840.53
1977,383,19,8,368.7,1509.36
1978,41,42,10,278.74,346.49
1979,391,3,2,99.91,1564.41
1980,52,29,1,461.48,1690.66
1981,407,50,3,253.41,467.73
1982,354,24,5,362.24,246.15
1983,188,39,5,391.37,1274.73
1984,285,37,8,463.6,794.31
1985,354,6,8,318.37,1151.96
1986,328,50,3,93.08,1751.46
1987,259,33,7,320.75,1120.58
1988,409,2,2,78.44,550.45
1989,209,10,3,434.74,1594.86
1990,74,1,4,434.52,1064.07
1991,396,37,2,406.18,188.11
1992,151,4,4,106.16,510.29
1993,68,23,2,338.92,670.45
1994,307,47,5,373.79,1455.09
1995,433,28,4,391.41,613.88
1996,25,24,8,207.65,618.93
1997,493,8,3,396.11,832.27
1998,306,30,10,350.76,929.03
1999,476,10,7,420.37,154.48
2000,255,47,5,140.55,1755.38
